﻿<?xml version="1.0" encoding="utf-8"?>
<Defs>

  <TraderKindDef>
    <defName>Caravan_JawaSandcrawler</defName>
    <label>Jawa Sandcrawler</label>
    <stockGenerators>

      <!-- Resources -->
      <li Class="StockGenerator_SingleDef">
        <thingDef>Silver</thingDef>
        <countRange>750~1200</countRange>
      </li>
      <li Class="StockGenerator_SingleDef">
        <thingDef>ComponentIndustrial</thingDef>
        <countRange>30~40</countRange>
      </li>
      <li Class="StockGenerator_SingleDef">
        <thingDef>ComponentSpacer</thingDef>
        <countRange>1~4</countRange>
      </li>
      <li Class="StockGenerator_SingleDef">
        <thingDef>Steel</thingDef>
        <countRange>250~400</countRange>
      </li>
      <li Class="StockGenerator_SingleDef">
        <thingDef>Plasteel</thingDef>
        <countRange>100~400</countRange>
      </li>
      <li Class="StockGenerator_SingleDef">
        <thingDef>Uranium</thingDef>
        <countRange>40~200</countRange>
      </li>
      <li Class="StockGenerator_SingleDef">
        <thingDef>Gold</thingDef>
        <countRange>50~200</countRange>
      </li>
      <li Class="StockGenerator_SingleDef">
        <thingDef>Chemfuel</thingDef>
        <countRange>250~400</countRange>
      </li>
    </stockGenerators>
  </TraderKindDef>
  
</Defs>
